{
  "overall_metrics": {
    "accuracy": 0.8473333333333334,
    "cohen_kappa": 0.7667188238553941,
    "matthews_corrcoef": 0.7799777529228057,
    "precision_exhale": 0.9656565656565657,
    "recall_exhale": 0.7660256410256411,
    "f1_exhale": 0.8543342269883825,
    "support_exhale": 624,
    "precision_inhale": 0.9447322970639033,
    "recall_inhale": 0.8766025641025641,
    "f1_inhale": 0.9093931837073982,
    "support_inhale": 624,
    "precision_silence": 0.5774647887323944,
    "recall_silence": 0.9761904761904762,
    "f1_silence": 0.7256637168141593,
    "support_silence": 252,
    "precision_macro": 0.8292845504842878,
    "recall_macro": 0.8729395604395606,
    "f1_macro": 0.8297970425033133,
    "precision_weighted": 0.8917358513987574,
    "recall_weighted": 0.8473333333333334,
    "f1_weighted": 0.8556221072742236,
    "log_loss": 0.5952934123155992,
    "roc_auc_exhale": 0.9600438326893805,
    "roc_auc_inhale": 0.977637279007142,
    "roc_auc_silence": 0.9766817384004883,
    "accuracy_bs_mean": 0.8474670000000001,
    "accuracy_bs_std": 0.00921389790006444,
    "accuracy_ci95_lower": 0.83,
    "accuracy_ci95_upper": 0.8646666666666667,
    "cohen_kappa_bs_mean": 0.7668717519178793,
    "cohen_kappa_bs_std": 0.013674236899726374,
    "cohen_kappa_ci95_lower": 0.7410669192108452,
    "cohen_kappa_ci95_upper": 0.7930198290753296,
    "f1_macro_bs_mean": 0.8299033499062092,
    "f1_macro_bs_std": 0.0101377041125575,
    "f1_macro_ci95_lower": 0.8106648282895397,
    "f1_macro_ci95_upper": 0.8493073064886735,
    "confusion_matrix": [
      [
        478,
        31,
        115
      ],
      [
        12,
        547,
        65
      ],
      [
        5,
        1,
        246
      ]
    ]
  },
  "per_file_metrics": {
    "file_accuracy_mean": 0.8473333333333333,
    "file_accuracy_std": 0.04974378799854755,
    "file_accuracy_var": 0.0024744444444444427,
    "file_accuracy_min": 0.8066666666666666,
    "file_accuracy_max": 0.9166666666666666,
    "file_accuracy_median": 0.82,
    "file_f1_macro_mean": 0.8238669624426527,
    "file_f1_macro_std": 0.061999321968454306,
    "file_f1_macro_var": 0.0038439159245480603,
    "file_f1_macro_min": 0.7693494767859166,
    "file_f1_macro_max": 0.9143161202107691,
    "file_f1_macro_median": 0.7965388869343671,
    "file_kappa_mean": 0.7648585166619035,
    "file_kappa_std": 0.07776603561793562,
    "file_kappa_var": 0.006047556295730031,
    "file_kappa_min": 0.7001420379820085,
    "file_kappa_max": 0.8743044848159818,
    "file_kappa_median": 0.7170849269136061,
    "per_file_details": [
      {
        "filename": "Ela_Cz_nose_medium_2026-01-29_20-43-42",
        "n_chunks": 300,
        "accuracy": 0.8067,
        "f1_macro": 0.7965,
        "kappa": 0.7128
      },
      {
        "filename": "Ela_Cz_nose_medium_2026-01-29_20-44-42",
        "n_chunks": 300,
        "accuracy": 0.9167,
        "f1_macro": 0.9143,
        "kappa": 0.8743
      },
      {
        "filename": "Ela_Cz_nose_medium_2026-01-29_20-45-42",
        "n_chunks": 300,
        "accuracy": 0.8833,
        "f1_macro": 0.861,
        "kappa": 0.8199
      },
      {
        "filename": "Ela_Cz_nose_medium_2026-01-29_20-46-42",
        "n_chunks": 300,
        "accuracy": 0.82,
        "f1_macro": 0.7693,
        "kappa": 0.7171
      },
      {
        "filename": "Ela_Cz_nose_medium_2026-01-29_20-47-42",
        "n_chunks": 300,
        "accuracy": 0.81,
        "f1_macro": 0.7781,
        "kappa": 0.7001
      }
    ],
    "n_files": 5
  }
}