{
  "overall_metrics": {
    "accuracy": 0.7847176079734219,
    "cohen_kappa": 0.6630145279287024,
    "matthews_corrcoef": 0.6709510591536293,
    "precision_exhale": 0.9134948096885813,
    "recall_exhale": 0.7447108603667136,
    "f1_exhale": 0.8205128205128205,
    "support_exhale": 709,
    "precision_inhale": 0.8578856152512998,
    "recall_inhale": 0.8669001751313485,
    "f1_inhale": 0.8623693379790941,
    "support_inhale": 571,
    "precision_silence": 0.4514285714285714,
    "recall_silence": 0.7022222222222222,
    "f1_silence": 0.5495652173913044,
    "support_silence": 225,
    "precision_macro": 0.7409363321228176,
    "recall_macro": 0.7712777525734281,
    "f1_macro": 0.7441491252944062,
    "precision_weighted": 0.823316900298422,
    "recall_weighted": 0.7847176079734219,
    "f1_weighted": 0.7958861499287017,
    "log_loss": 0.8243897166255861,
    "roc_auc_exhale": 0.8816207270485007,
    "roc_auc_inhale": 0.9580453541440878,
    "roc_auc_silence": 0.8836944444444446,
    "accuracy_bs_mean": 0.7847498338870432,
    "accuracy_bs_std": 0.010476162307736701,
    "accuracy_ci95_lower": 0.7641196013289037,
    "accuracy_ci95_upper": 0.8053156146179402,
    "cohen_kappa_bs_mean": 0.6628975869621218,
    "cohen_kappa_bs_std": 0.015762409954260332,
    "cohen_kappa_ci95_lower": 0.6317874208709484,
    "cohen_kappa_ci95_upper": 0.6938836537319014,
    "f1_macro_bs_mean": 0.7438619638823003,
    "f1_macro_bs_std": 0.011752567869164787,
    "f1_macro_ci95_lower": 0.7205684955636821,
    "f1_macro_ci95_upper": 0.7674708176859428,
    "confusion_matrix": [
      [
        528,
        28,
        153
      ],
      [
        37,
        495,
        39
      ],
      [
        13,
        54,
        158
      ]
    ]
  },
  "per_file_metrics": {
    "file_accuracy_mean": 0.7847176079734218,
    "file_accuracy_std": 0.09718388814924243,
    "file_accuracy_var": 0.009444708115804463,
    "file_accuracy_min": 0.654485049833887,
    "file_accuracy_max": 0.8970099667774086,
    "file_accuracy_median": 0.760797342192691,
    "file_f1_macro_mean": 0.7342386113652968,
    "file_f1_macro_std": 0.11805522796569037,
    "file_f1_macro_var": 0.013937036850031122,
    "file_f1_macro_min": 0.6142971876916832,
    "file_f1_macro_max": 0.8901951587604119,
    "file_f1_macro_median": 0.721327603987809,
    "file_kappa_mean": 0.6625011415496942,
    "file_kappa_std": 0.1496105905018778,
    "file_kappa_var": 0.02238332879032057,
    "file_kappa_min": 0.46834239130434785,
    "file_kappa_max": 0.841748214982277,
    "file_kappa_median": 0.6235208926484868,
    "per_file_details": [
      {
        "filename": "Iwo_nose_medium_2025-06-10_20-41-19",
        "n_chunks": 301,
        "accuracy": 0.6545,
        "f1_macro": 0.6143,
        "kappa": 0.4683
      },
      {
        "filename": "Iwo_nose_medium_2025-06-10_20-45-55",
        "n_chunks": 301,
        "accuracy": 0.7608,
        "f1_macro": 0.6316,
        "kappa": 0.598
      },
      {
        "filename": "Iwo_nose_medium_2025-06-10_21-01-47",
        "n_chunks": 301,
        "accuracy": 0.7475,
        "f1_macro": 0.7213,
        "kappa": 0.6235
      },
      {
        "filename": "Iwo_nose_medium_2025-06-10_21-52-46",
        "n_chunks": 301,
        "accuracy": 0.8638,
        "f1_macro": 0.8138,
        "kappa": 0.7809
      },
      {
        "filename": "Iwo_nose_medium_2025-06-10_21-56-21",
        "n_chunks": 301,
        "accuracy": 0.897,
        "f1_macro": 0.8902,
        "kappa": 0.8417
      }
    ],
    "n_files": 5
  }
}